A,B,C,Feature 1,Target
1,0.5,0.25,,
2,1,1,,
3,2.5,1.25,,
4,3.333333333,1.833333333,,
5,4.333333333,2.333333333,,
6,5.333333333,2.833333333,,
7,6.333333333,3.333333333,,
8,7.333333333,3.833333333,,
9,8.333333333,4.333333333,,
10,9.333333333,4.833333333,,
